airport_section_title_raw,expected_station_iata,old_match_status,old_candidate_codes,mapping_basis,task37_mapping_status,task37_counterpart_candidate_codes,task37_counterpart_evidence_count,task37_catalog_city_candidates,task33_same_label_station_iata,task33_same_label_mapping_method,catalog_iata_match_count,catalog_city_raw,catalog_airport_name_raw,source_movement_rows,source_page_numbers,source_row_ids,why_old_match_failed_or_prior_status
Ayodhya,AYJ,held; no exact city-name match,,task-37 validated DGCA station mapping plus unique pinned catalog IATA code,pdf-counterpart,"[""AYJ""]",12,[],,,1,Faizabad,Maharshi Valmiki International Airport,2,3,DGCA-AIX-2026-R0132;DGCA-AIX-2026-R0133,"No exact city or airport-name field match; the registry IATA row is AYJ with city Faizabad, and task-37 DGCA counterpart evidence maps this heading to AYJ."
Bagdogra,IXB,held; no exact city-name match,,task-37 validated DGCA station mapping plus unique pinned catalog IATA code,pdf-counterpart,"[""IXB""]",40,[],,,1,Siliguri,Bagdogra Airport,43,3;4,DGCA-AIX-2026-R0134;DGCA-AIX-2026-R0135;DGCA-AIX-2026-R0136;DGCA-AIX-2026-R0137;DGCA-AIX-2026-R0138;DGCA-AIX-2026-R0139;DGCA-AIX-2026-R0140;DGCA-AIX-2026-R0141;DGCA-AIX-2026-R0142;DGCA-AIX-2026-R0143;DGCA-AIX-2026-R0144;DGCA-AIX-2026-R0145;DGCA-AIX-2026-R0146;DGCA-AIX-2026-R0147;DGCA-AIX-2026-R0148;DGCA-AIX-2026-R0149;DGCA-AIX-2026-R0150;DGCA-AIX-2026-R0151;DGCA-AIX-2026-R0152;DGCA-AIX-2026-R0153;DGCA-AIX-2026-R0154;DGCA-AIX-2026-R0155;DGCA-AIX-2026-R0156;DGCA-AIX-2026-R0157;DGCA-AIX-2026-R0158;DGCA-AIX-2026-R0159;DGCA-AIX-2026-R0160;DGCA-AIX-2026-R0161;DGCA-AIX-2026-R0162;DGCA-AIX-2026-R0163;DGCA-AIX-2026-R0164;DGCA-AIX-2026-R0165;DGCA-AIX-2026-R0166;DGCA-AIX-2026-R0167;DGCA-AIX-2026-R0168;DGCA-AIX-2026-R0169;DGCA-AIX-2026-R0170;DGCA-AIX-2026-R0171;DGCA-AIX-2026-R0172;DGCA-AIX-2026-R0173;DGCA-AIX-2026-R0174;DGCA-AIX-2026-R0175;DGCA-AIX-2026-R0176,The old resolver checked only exact city; the registry record is IXB / Siliguri / Bagdogra Airport. Task-37 counterpart evidence confirms IXB.
Bangalore,BLR,held; no exact city-name match,,task-37 validated DGCA station mapping plus unique pinned catalog IATA code,pdf-counterpart,"[""BLR""]",240,[],BLR,exact_same_pdf_counterpart,1,Bengaluru,Kempegowda International Airport Bengaluru,537,4;5;6;7;8;9;10;11;12;13,DGCA-AIX-2026-R0177;DGCA-AIX-2026-R0178;DGCA-AIX-2026-R0179;DGCA-AIX-2026-R0180;DGCA-AIX-2026-R0181;DGCA-AIX-2026-R0182;DGCA-AIX-2026-R0183;DGCA-AIX-2026-R0184;DGCA-AIX-2026-R0185;DGCA-AIX-2026-R0186;DGCA-AIX-2026-R0187;DGCA-AIX-2026-R0188;DGCA-AIX-2026-R0189;DGCA-AIX-2026-R0190;DGCA-AIX-2026-R0191;DGCA-AIX-2026-R0192;DGCA-AIX-2026-R0193;DGCA-AIX-2026-R0194;DGCA-AIX-2026-R0195;DGCA-AIX-2026-R0196;DGCA-AIX-2026-R0197;DGCA-AIX-2026-R0198;DGCA-AIX-2026-R0199;DGCA-AIX-2026-R0200;DGCA-AIX-2026-R0201;DGCA-AIX-2026-R0202;DGCA-AIX-2026-R0203;DGCA-AIX-2026-R0204;DGCA-AIX-2026-R0205;DGCA-AIX-2026-R0206;DGCA-AIX-2026-R0207;DGCA-AIX-2026-R0208;DGCA-AIX-2026-R0209;DGCA-AIX-2026-R0210;DGCA-AIX-2026-R0211;DGCA-AIX-2026-R0212;DGCA-AIX-2026-R0213;DGCA-AIX-2026-R0214;DGCA-AIX-2026-R0215;DGCA-AIX-2026-R0216;DGCA-AIX-2026-R0217;DGCA-AIX-2026-R0218;DGCA-AIX-2026-R0219;DGCA-AIX-2026-R0220;DGCA-AIX-2026-R0221;DGCA-AIX-2026-R0222;DGCA-AIX-2026-R0223;DGCA-AIX-2026-R0224;DGCA-AIX-2026-R0225;DGCA-AIX-2026-R0226;DGCA-AIX-2026-R0227;DGCA-AIX-2026-R0228;DGCA-AIX-2026-R0229;DGCA-AIX-2026-R0230;DGCA-AIX-2026-R0231;DGCA-AIX-2026-R0232;DGCA-AIX-2026-R0233;DGCA-AIX-2026-R0234;DGCA-AIX-2026-R0235;DGCA-AIX-2026-R0236;DGCA-AIX-2026-R0237;DGCA-AIX-2026-R0238;DGCA-AIX-2026-R0239;DGCA-AIX-2026-R0240;DGCA-AIX-2026-R0241;DGCA-AIX-2026-R0242;DGCA-AIX-2026-R0243;DGCA-AIX-2026-R0244;DGCA-AIX-2026-R0245;DGCA-AIX-2026-R0246;DGCA-AIX-2026-R0247;DGCA-AIX-2026-R0248;DGCA-AIX-2026-R0249;DGCA-AIX-2026-R0250;DGCA-AIX-2026-R0251;DGCA-AIX-2026-R0252;DGCA-AIX-2026-R0253;DGCA-AIX-2026-R0254;DGCA-AIX-2026-R0255;DGCA-AIX-2026-R0256;DGCA-AIX-2026-R0257;DGCA-AIX-2026-R0258;DGCA-AIX-2026-R0259;DGCA-AIX-2026-R0260;DGCA-AIX-2026-R0261;DGCA-AIX-2026-R0262;DGCA-AIX-2026-R0263;DGCA-AIX-2026-R0264;DGCA-AIX-2026-R0265;DGCA-AIX-2026-R0266;DGCA-AIX-2026-R0267;DGCA-AIX-2026-R0268;DGCA-AIX-2026-R0269;DGCA-AIX-2026-R0270;DGCA-AIX-2026-R0271;DGCA-AIX-2026-R0272;DGCA-AIX-2026-R0273;DGCA-AIX-2026-R0274;DGCA-AIX-2026-R0275;DGCA-AIX-2026-R0276;DGCA-AIX-2026-R0277;DGCA-AIX-2026-R0278;DGCA-AIX-2026-R0279;DGCA-AIX-2026-R0280;DGCA-AIX-2026-R0281;DGCA-AIX-2026-R0282;DGCA-AIX-2026-R0283;DGCA-AIX-2026-R0284;DGCA-AIX-2026-R0285;DGCA-AIX-2026-R0286;DGCA-AIX-2026-R0287;DGCA-AIX-2026-R0288;DGCA-AIX-2026-R0289;DGCA-AIX-2026-R0290;DGCA-AIX-2026-R0291;DGCA-AIX-2026-R0292;DGCA-AIX-2026-R0293;DGCA-AIX-2026-R0294;DGCA-AIX-2026-R0295;DGCA-AIX-2026-R0296;DGCA-AIX-2026-R0297;DGCA-AIX-2026-R0298;DGCA-AIX-2026-R0299;DGCA-AIX-2026-R0300;DGCA-AIX-2026-R0301;DGCA-AIX-2026-R0302;DGCA-AIX-2026-R0303;DGCA-AIX-2026-R0304;DGCA-AIX-2026-R0305;DGCA-AIX-2026-R0306;DGCA-AIX-2026-R0307;DGCA-AIX-2026-R0308;DGCA-AIX-2026-R0309;DGCA-AIX-2026-R0310;DGCA-AIX-2026-R0311;DGCA-AIX-2026-R0312;DGCA-AIX-2026-R0313;DGCA-AIX-2026-R0314;DGCA-AIX-2026-R0315;DGCA-AIX-2026-R0316;DGCA-AIX-2026-R0317;DGCA-AIX-2026-R0318;DGCA-AIX-2026-R0319;DGCA-AIX-2026-R0320;DGCA-AIX-2026-R0321;DGCA-AIX-2026-R0322;DGCA-AIX-2026-R0323;DGCA-AIX-2026-R0324;DGCA-AIX-2026-R0325;DGCA-AIX-2026-R0326;DGCA-AIX-2026-R0327;DGCA-AIX-2026-R0328;DGCA-AIX-2026-R0329;DGCA-AIX-2026-R0330;DGCA-AIX-2026-R0331;DGCA-AIX-2026-R0332;DGCA-AIX-2026-R0333;DGCA-AIX-2026-R0334;DGCA-AIX-2026-R0335;DGCA-AIX-2026-R0336;DGCA-AIX-2026-R0337;DGCA-AIX-2026-R0338;DGCA-AIX-2026-R0339;DGCA-AIX-2026-R0340;DGCA-AIX-2026-R0341;DGCA-AIX-2026-R0342;DGCA-AIX-2026-R0343;DGCA-AIX-2026-R0344;DGCA-AIX-2026-R0345;DGCA-AIX-2026-R0346;DGCA-AIX-2026-R0347;DGCA-AIX-2026-R0348;DGCA-AIX-2026-R0349;DGCA-AIX-2026-R0350;DGCA-AIX-2026-R0351;DGCA-AIX-2026-R0352;DGCA-AIX-2026-R0353;DGCA-AIX-2026-R0354;DGCA-AIX-2026-R0355;DGCA-AIX-2026-R0356;DGCA-AIX-2026-R0357;DGCA-AIX-2026-R0358;DGCA-AIX-2026-R0359;DGCA-AIX-2026-R0360;DGCA-AIX-2026-R0361;DGCA-AIX-2026-R0362;DGCA-AIX-2026-R0363;DGCA-AIX-2026-R0364;DGCA-AIX-2026-R0365;DGCA-AIX-2026-R0366;DGCA-AIX-2026-R0367;DGCA-AIX-2026-R0368;DGCA-AIX-2026-R0369;DGCA-AIX-2026-R0370;DGCA-AIX-2026-R0371;DGCA-AIX-2026-R0372;DGCA-AIX-2026-R0373;DGCA-AIX-2026-R0374;DGCA-AIX-2026-R0375;DGCA-AIX-2026-R0376;DGCA-AIX-2026-R0377;DGCA-AIX-2026-R0378;DGCA-AIX-2026-R0379;DGCA-AIX-2026-R0380;DGCA-AIX-2026-R0381;DGCA-AIX-2026-R0382;DGCA-AIX-2026-R0383;DGCA-AIX-2026-R0384;DGCA-AIX-2026-R0385;DGCA-AIX-2026-R0386;DGCA-AIX-2026-R0387;DGCA-AIX-2026-R0388;DGCA-AIX-2026-R0389;DGCA-AIX-2026-R0390;DGCA-AIX-2026-R0391;DGCA-AIX-2026-R0392;DGCA-AIX-2026-R0393;DGCA-AIX-2026-R0394;DGCA-AIX-2026-R0395;DGCA-AIX-2026-R0396;DGCA-AIX-2026-R0397;DGCA-AIX-2026-R0398;DGCA-AIX-2026-R0399;DGCA-AIX-2026-R0400;DGCA-AIX-2026-R0401;DGCA-AIX-2026-R0402;DGCA-AIX-2026-R0403;DGCA-AIX-2026-R0404;DGCA-AIX-2026-R0405;DGCA-AIX-2026-R0406;DGCA-AIX-2026-R0407;DGCA-AIX-2026-R0408;DGCA-AIX-2026-R0409;DGCA-AIX-2026-R0410;DGCA-AIX-2026-R0411;DGCA-AIX-2026-R0412;DGCA-AIX-2026-R0413;DGCA-AIX-2026-R0414;DGCA-AIX-2026-R0415;DGCA-AIX-2026-R0416;DGCA-AIX-2026-R0417;DGCA-AIX-2026-R0418;DGCA-AIX-2026-R0419;DGCA-AIX-2026-R0420;DGCA-AIX-2026-R0421;DGCA-AIX-2026-R0422;DGCA-AIX-2026-R0423;DGCA-AIX-2026-R0424;DGCA-AIX-2026-R0425;DGCA-AIX-2026-R0426;DGCA-AIX-2026-R0427;DGCA-AIX-2026-R0428;DGCA-AIX-2026-R0429;DGCA-AIX-2026-R0430;DGCA-AIX-2026-R0431;DGCA-AIX-2026-R0432;DGCA-AIX-2026-R0433;DGCA-AIX-2026-R0434;DGCA-AIX-2026-R0435;DGCA-AIX-2026-R0436;DGCA-AIX-2026-R0437;DGCA-AIX-2026-R0438;DGCA-AIX-2026-R0439;DGCA-AIX-2026-R0440;DGCA-AIX-2026-R0441;DGCA-AIX-2026-R0442;DGCA-AIX-2026-R0443;DGCA-AIX-2026-R0444;DGCA-AIX-2026-R0445;DGCA-AIX-2026-R0446;DGCA-AIX-2026-R0447;DGCA-AIX-2026-R0448;DGCA-AIX-2026-R0449;DGCA-AIX-2026-R0450;DGCA-AIX-2026-R0451;DGCA-AIX-2026-R0452;DGCA-AIX-2026-R0453;DGCA-AIX-2026-R0454;DGCA-AIX-2026-R0455;DGCA-AIX-2026-R0456;DGCA-AIX-2026-R0457;DGCA-AIX-2026-R0458;DGCA-AIX-2026-R0459;DGCA-AIX-2026-R0460;DGCA-AIX-2026-R0461;DGCA-AIX-2026-R0462;DGCA-AIX-2026-R0463;DGCA-AIX-2026-R0464;DGCA-AIX-2026-R0465;DGCA-AIX-2026-R0466;DGCA-AIX-2026-R0467;DGCA-AIX-2026-R0468;DGCA-AIX-2026-R0469;DGCA-AIX-2026-R0470;DGCA-AIX-2026-R0471;DGCA-AIX-2026-R0472;DGCA-AIX-2026-R0473;DGCA-AIX-2026-R0474;DGCA-AIX-2026-R0475;DGCA-AIX-2026-R0476;DGCA-AIX-2026-R0477;DGCA-AIX-2026-R0478;DGCA-AIX-2026-R0479;DGCA-AIX-2026-R0480;DGCA-AIX-2026-R0481;DGCA-AIX-2026-R0482;DGCA-AIX-2026-R0483;DGCA-AIX-2026-R0484;DGCA-AIX-2026-R0485;DGCA-AIX-2026-R0486;DGCA-AIX-2026-R0487;DGCA-AIX-2026-R0488;DGCA-AIX-2026-R0489;DGCA-AIX-2026-R0490;DGCA-AIX-2026-R0491;DGCA-AIX-2026-R0492;DGCA-AIX-2026-R0493;DGCA-AIX-2026-R0494;DGCA-AIX-2026-R0495;DGCA-AIX-2026-R0496;DGCA-AIX-2026-R0497;DGCA-AIX-2026-R0498;DGCA-AIX-2026-R0499;DGCA-AIX-2026-R0500;DGCA-AIX-2026-R0501;DGCA-AIX-2026-R0502;DGCA-AIX-2026-R0503;DGCA-AIX-2026-R0504;DGCA-AIX-2026-R0505;DGCA-AIX-2026-R0506;DGCA-AIX-2026-R0507;DGCA-AIX-2026-R0508;DGCA-AIX-2026-R0509;DGCA-AIX-2026-R0510;DGCA-AIX-2026-R0511;DGCA-AIX-2026-R0512;DGCA-AIX-2026-R0513;DGCA-AIX-2026-R0514;DGCA-AIX-2026-R0515;DGCA-AIX-2026-R0516;DGCA-AIX-2026-R0517;DGCA-AIX-2026-R0518;DGCA-AIX-2026-R0519;DGCA-AIX-2026-R0520;DGCA-AIX-2026-R0521;DGCA-AIX-2026-R0522;DGCA-AIX-2026-R0523;DGCA-AIX-2026-R0524;DGCA-AIX-2026-R0525;DGCA-AIX-2026-R0526;DGCA-AIX-2026-R0527;DGCA-AIX-2026-R0528;DGCA-AIX-2026-R0529;DGCA-AIX-2026-R0530;DGCA-AIX-2026-R0531;DGCA-AIX-2026-R0532;DGCA-AIX-2026-R0533;DGCA-AIX-2026-R0534;DGCA-AIX-2026-R0535;DGCA-AIX-2026-R0536;DGCA-AIX-2026-R0537;DGCA-AIX-2026-R0538;DGCA-AIX-2026-R0539;DGCA-AIX-2026-R0540;DGCA-AIX-2026-R0541;DGCA-AIX-2026-R0542;DGCA-AIX-2026-R0543;DGCA-AIX-2026-R0544;DGCA-AIX-2026-R0545;DGCA-AIX-2026-R0546;DGCA-AIX-2026-R0547;DGCA-AIX-2026-R0548;DGCA-AIX-2026-R0549;DGCA-AIX-2026-R0550;DGCA-AIX-2026-R0551;DGCA-AIX-2026-R0552;DGCA-AIX-2026-R0553;DGCA-AIX-2026-R0554;DGCA-AIX-2026-R0555;DGCA-AIX-2026-R0556;DGCA-AIX-2026-R0557;DGCA-AIX-2026-R0558;DGCA-AIX-2026-R0559;DGCA-AIX-2026-R0560;DGCA-AIX-2026-R0561;DGCA-AIX-2026-R0562;DGCA-AIX-2026-R0563;DGCA-AIX-2026-R0564;DGCA-AIX-2026-R0565;DGCA-AIX-2026-R0566;DGCA-AIX-2026-R0567;DGCA-AIX-2026-R0568;DGCA-AIX-2026-R0569;DGCA-AIX-2026-R0570;DGCA-AIX-2026-R0571;DGCA-AIX-2026-R0572;DGCA-AIX-2026-R0573;DGCA-AIX-2026-R0574;DGCA-AIX-2026-R0575;DGCA-AIX-2026-R0576;DGCA-AIX-2026-R0577;DGCA-AIX-2026-R0578;DGCA-AIX-2026-R0579;DGCA-AIX-2026-R0580;DGCA-AIX-2026-R0581;DGCA-AIX-2026-R0582;DGCA-AIX-2026-R0583;DGCA-AIX-2026-R0584;DGCA-AIX-2026-R0585;DGCA-AIX-2026-R0586;DGCA-AIX-2026-R0587;DGCA-AIX-2026-R0588;DGCA-AIX-2026-R0589;DGCA-AIX-2026-R0590;DGCA-AIX-2026-R0591;DGCA-AIX-2026-R0592;DGCA-AIX-2026-R0593;DGCA-AIX-2026-R0594;DGCA-AIX-2026-R0595;DGCA-AIX-2026-R0596;DGCA-AIX-2026-R0597;DGCA-AIX-2026-R0598;DGCA-AIX-2026-R0599;DGCA-AIX-2026-R0600;DGCA-AIX-2026-R0601;DGCA-AIX-2026-R0602;DGCA-AIX-2026-R0603;DGCA-AIX-2026-R0604;DGCA-AIX-2026-R0605;DGCA-AIX-2026-R0606;DGCA-AIX-2026-R0607;DGCA-AIX-2026-R0608;DGCA-AIX-2026-R0609;DGCA-AIX-2026-R0610;DGCA-AIX-2026-R0611;DGCA-AIX-2026-R0612;DGCA-AIX-2026-R0613;DGCA-AIX-2026-R0614;DGCA-AIX-2026-R0615;DGCA-AIX-2026-R0616;DGCA-AIX-2026-R0617;DGCA-AIX-2026-R0618;DGCA-AIX-2026-R0619;DGCA-AIX-2026-R0620;DGCA-AIX-2026-R0621;DGCA-AIX-2026-R0622;DGCA-AIX-2026-R0623;DGCA-AIX-2026-R0624;DGCA-AIX-2026-R0625;DGCA-AIX-2026-R0626;DGCA-AIX-2026-R0627;DGCA-AIX-2026-R0628;DGCA-AIX-2026-R0629;DGCA-AIX-2026-R0630;DGCA-AIX-2026-R0631;DGCA-AIX-2026-R0632;DGCA-AIX-2026-R0633;DGCA-AIX-2026-R0634;DGCA-AIX-2026-R0635;DGCA-AIX-2026-R0636;DGCA-AIX-2026-R0637;DGCA-AIX-2026-R0638;DGCA-AIX-2026-R0639;DGCA-AIX-2026-R0640;DGCA-AIX-2026-R0641;DGCA-AIX-2026-R0642;DGCA-AIX-2026-R0643;DGCA-AIX-2026-R0644;DGCA-AIX-2026-R0645;DGCA-AIX-2026-R0646;DGCA-AIX-2026-R0647;DGCA-AIX-2026-R0648;DGCA-AIX-2026-R0649;DGCA-AIX-2026-R0650;DGCA-AIX-2026-R0651;DGCA-AIX-2026-R0652;DGCA-AIX-2026-R0653;DGCA-AIX-2026-R0654;DGCA-AIX-2026-R0655;DGCA-AIX-2026-R0656;DGCA-AIX-2026-R0657;DGCA-AIX-2026-R0658;DGCA-AIX-2026-R0659;DGCA-AIX-2026-R0660;DGCA-AIX-2026-R0661;DGCA-AIX-2026-R0662;DGCA-AIX-2026-R0663;DGCA-AIX-2026-R0664;DGCA-AIX-2026-R0665;DGCA-AIX-2026-R0666;DGCA-AIX-2026-R0667;DGCA-AIX-2026-R0668;DGCA-AIX-2026-R0669;DGCA-AIX-2026-R0670;DGCA-AIX-2026-R0671;DGCA-AIX-2026-R0672;DGCA-AIX-2026-R0673;DGCA-AIX-2026-R0674;DGCA-AIX-2026-R0675;DGCA-AIX-2026-R0676;DGCA-AIX-2026-R0677;DGCA-AIX-2026-R0678;DGCA-AIX-2026-R0679;DGCA-AIX-2026-R0680;DGCA-AIX-2026-R0681;DGCA-AIX-2026-R0682;DGCA-AIX-2026-R0683;DGCA-AIX-2026-R0684;DGCA-AIX-2026-R0685;DGCA-AIX-2026-R0686;DGCA-AIX-2026-R0687;DGCA-AIX-2026-R0688;DGCA-AIX-2026-R0689;DGCA-AIX-2026-R0690;DGCA-AIX-2026-R0691;DGCA-AIX-2026-R0692;DGCA-AIX-2026-R0693;DGCA-AIX-2026-R0694;DGCA-AIX-2026-R0695;DGCA-AIX-2026-R0696;DGCA-AIX-2026-R0697;DGCA-AIX-2026-R0698;DGCA-AIX-2026-R0699;DGCA-AIX-2026-R0700;DGCA-AIX-2026-R0701;DGCA-AIX-2026-R0702;DGCA-AIX-2026-R0703;DGCA-AIX-2026-R0704;DGCA-AIX-2026-R0705;DGCA-AIX-2026-R0706;DGCA-AIX-2026-R0707;DGCA-AIX-2026-R0708;DGCA-AIX-2026-R0709;DGCA-AIX-2026-R0710;DGCA-AIX-2026-R0711;DGCA-AIX-2026-R0712;DGCA-AIX-2026-R0713,"The catalog city is Bengaluru, not Bangalore; task-37 DGCA counterpart evidence maps the source spelling to BLR."
Bhubneshwar,BBI,held; no exact city-name match,,task-37 validated DGCA station mapping plus unique pinned catalog IATA code,pdf-counterpart,"[""BBI""]",54,[],BBI,exact_same_pdf_counterpart,1,Bhubaneswar,Biju Patnaik International Airport,18,13;14,DGCA-AIX-2026-R0714;DGCA-AIX-2026-R0715;DGCA-AIX-2026-R0716;DGCA-AIX-2026-R0717;DGCA-AIX-2026-R0718;DGCA-AIX-2026-R0719;DGCA-AIX-2026-R0720;DGCA-AIX-2026-R0721;DGCA-AIX-2026-R0722;DGCA-AIX-2026-R0723;DGCA-AIX-2026-R0724;DGCA-AIX-2026-R0725;DGCA-AIX-2026-R0726;DGCA-AIX-2026-R0727;DGCA-AIX-2026-R0728;DGCA-AIX-2026-R0729;DGCA-AIX-2026-R0730;DGCA-AIX-2026-R0731,The source spelling Bhubneshwar differs from catalog city Bhubaneswar; task-37 counterpart evidence maps it to BBI.
Dehradun,DED,held; no exact city-name match,,task-37 validated DGCA station mapping plus unique pinned catalog IATA code,pdf-counterpart,"[""DED""]",50,[],DED,unique_registry_token,1,Dehradun (Jauligrant),Dehradun Jolly Grant Airport,4,14,DGCA-AIX-2026-R0763;DGCA-AIX-2026-R0764;DGCA-AIX-2026-R0765;DGCA-AIX-2026-R0766,The catalog city is the longer exact string Dehradun (Jauligrant); task-37 counterpart evidence maps the short heading to DED.
Delhi,DEL,held; no exact city-name match,,task-37 validated DGCA station mapping plus unique pinned catalog IATA code,pdf-counterpart,"[""DEL""]",1118,[],DEL,unique_registry_token,1,New Delhi,Indira Gandhi International Airport,160,14;15;16;17,DGCA-AIX-2026-R0767;DGCA-AIX-2026-R0768;DGCA-AIX-2026-R0769;DGCA-AIX-2026-R0770;DGCA-AIX-2026-R0771;DGCA-AIX-2026-R0772;DGCA-AIX-2026-R0773;DGCA-AIX-2026-R0774;DGCA-AIX-2026-R0775;DGCA-AIX-2026-R0776;DGCA-AIX-2026-R0777;DGCA-AIX-2026-R0778;DGCA-AIX-2026-R0779;DGCA-AIX-2026-R0780;DGCA-AIX-2026-R0781;DGCA-AIX-2026-R0782;DGCA-AIX-2026-R0783;DGCA-AIX-2026-R0784;DGCA-AIX-2026-R0785;DGCA-AIX-2026-R0786;DGCA-AIX-2026-R0787;DGCA-AIX-2026-R0788;DGCA-AIX-2026-R0789;DGCA-AIX-2026-R0790;DGCA-AIX-2026-R0791;DGCA-AIX-2026-R0792;DGCA-AIX-2026-R0793;DGCA-AIX-2026-R0794;DGCA-AIX-2026-R0795;DGCA-AIX-2026-R0796;DGCA-AIX-2026-R0797;DGCA-AIX-2026-R0798;DGCA-AIX-2026-R0799;DGCA-AIX-2026-R0800;DGCA-AIX-2026-R0801;DGCA-AIX-2026-R0802;DGCA-AIX-2026-R0803;DGCA-AIX-2026-R0804;DGCA-AIX-2026-R0805;DGCA-AIX-2026-R0806;DGCA-AIX-2026-R0807;DGCA-AIX-2026-R0808;DGCA-AIX-2026-R0809;DGCA-AIX-2026-R0810;DGCA-AIX-2026-R0811;DGCA-AIX-2026-R0812;DGCA-AIX-2026-R0813;DGCA-AIX-2026-R0814;DGCA-AIX-2026-R0815;DGCA-AIX-2026-R0816;DGCA-AIX-2026-R0817;DGCA-AIX-2026-R0818;DGCA-AIX-2026-R0819;DGCA-AIX-2026-R0820;DGCA-AIX-2026-R0821;DGCA-AIX-2026-R0822;DGCA-AIX-2026-R0823;DGCA-AIX-2026-R0824;DGCA-AIX-2026-R0825;DGCA-AIX-2026-R0826;DGCA-AIX-2026-R0827;DGCA-AIX-2026-R0828;DGCA-AIX-2026-R0829;DGCA-AIX-2026-R0830;DGCA-AIX-2026-R0831;DGCA-AIX-2026-R0832;DGCA-AIX-2026-R0833;DGCA-AIX-2026-R0834;DGCA-AIX-2026-R0835;DGCA-AIX-2026-R0836;DGCA-AIX-2026-R0837;DGCA-AIX-2026-R0838;DGCA-AIX-2026-R0839;DGCA-AIX-2026-R0840;DGCA-AIX-2026-R0841;DGCA-AIX-2026-R0842;DGCA-AIX-2026-R0843;DGCA-AIX-2026-R0844;DGCA-AIX-2026-R0845;DGCA-AIX-2026-R0846;DGCA-AIX-2026-R0847;DGCA-AIX-2026-R0848;DGCA-AIX-2026-R0849;DGCA-AIX-2026-R0850;DGCA-AIX-2026-R0851;DGCA-AIX-2026-R0852;DGCA-AIX-2026-R0853;DGCA-AIX-2026-R0854;DGCA-AIX-2026-R0855;DGCA-AIX-2026-R0856;DGCA-AIX-2026-R0857;DGCA-AIX-2026-R0858;DGCA-AIX-2026-R0859;DGCA-AIX-2026-R0860;DGCA-AIX-2026-R0861;DGCA-AIX-2026-R0862;DGCA-AIX-2026-R0863;DGCA-AIX-2026-R0864;DGCA-AIX-2026-R0865;DGCA-AIX-2026-R0866;DGCA-AIX-2026-R0867;DGCA-AIX-2026-R0868;DGCA-AIX-2026-R0869;DGCA-AIX-2026-R0870;DGCA-AIX-2026-R0871;DGCA-AIX-2026-R0872;DGCA-AIX-2026-R0873;DGCA-AIX-2026-R0874;DGCA-AIX-2026-R0875;DGCA-AIX-2026-R0876;DGCA-AIX-2026-R0877;DGCA-AIX-2026-R0878;DGCA-AIX-2026-R0879;DGCA-AIX-2026-R0880;DGCA-AIX-2026-R0881;DGCA-AIX-2026-R0882;DGCA-AIX-2026-R0883;DGCA-AIX-2026-R0884;DGCA-AIX-2026-R0885;DGCA-AIX-2026-R0886;DGCA-AIX-2026-R0887;DGCA-AIX-2026-R0888;DGCA-AIX-2026-R0889;DGCA-AIX-2026-R0890;DGCA-AIX-2026-R0891;DGCA-AIX-2026-R0892;DGCA-AIX-2026-R0893;DGCA-AIX-2026-R0894;DGCA-AIX-2026-R0895;DGCA-AIX-2026-R0896;DGCA-AIX-2026-R0897;DGCA-AIX-2026-R0898;DGCA-AIX-2026-R0899;DGCA-AIX-2026-R0900;DGCA-AIX-2026-R0901;DGCA-AIX-2026-R0902;DGCA-AIX-2026-R0903;DGCA-AIX-2026-R0904;DGCA-AIX-2026-R0905;DGCA-AIX-2026-R0906;DGCA-AIX-2026-R0907;DGCA-AIX-2026-R0908;DGCA-AIX-2026-R0909;DGCA-AIX-2026-R0910;DGCA-AIX-2026-R0911;DGCA-AIX-2026-R0912;DGCA-AIX-2026-R0913;DGCA-AIX-2026-R0914;DGCA-AIX-2026-R0915;DGCA-AIX-2026-R0916;DGCA-AIX-2026-R0917;DGCA-AIX-2026-R0918;DGCA-AIX-2026-R0919;DGCA-AIX-2026-R0920;DGCA-AIX-2026-R0921;DGCA-AIX-2026-R0922;DGCA-AIX-2026-R0923;DGCA-AIX-2026-R0924;DGCA-AIX-2026-R0925;DGCA-AIX-2026-R0926,"The catalog city is New Delhi, not Delhi; task-37 counterpart evidence maps the source heading to DEL."
Goa,GOI,held; no exact city-name match,,task-37 validated DGCA station mapping plus unique pinned catalog IATA code,pdf-counterpart,"[""GOI""]",88,[],GOI,unique_registry_token,1,Vasco da Gama,Goa Dabolim International Airport,58,18;19,DGCA-AIX-2026-R0955;DGCA-AIX-2026-R0956;DGCA-AIX-2026-R0957;DGCA-AIX-2026-R0958;DGCA-AIX-2026-R0959;DGCA-AIX-2026-R0960;DGCA-AIX-2026-R0961;DGCA-AIX-2026-R0962;DGCA-AIX-2026-R0963;DGCA-AIX-2026-R0964;DGCA-AIX-2026-R0965;DGCA-AIX-2026-R0966;DGCA-AIX-2026-R0967;DGCA-AIX-2026-R0968;DGCA-AIX-2026-R0969;DGCA-AIX-2026-R0970;DGCA-AIX-2026-R0971;DGCA-AIX-2026-R0972;DGCA-AIX-2026-R0973;DGCA-AIX-2026-R0974;DGCA-AIX-2026-R0975;DGCA-AIX-2026-R0976;DGCA-AIX-2026-R0977;DGCA-AIX-2026-R0978;DGCA-AIX-2026-R0979;DGCA-AIX-2026-R0980;DGCA-AIX-2026-R0981;DGCA-AIX-2026-R0982;DGCA-AIX-2026-R0983;DGCA-AIX-2026-R0984;DGCA-AIX-2026-R0985;DGCA-AIX-2026-R0986;DGCA-AIX-2026-R0987;DGCA-AIX-2026-R0988;DGCA-AIX-2026-R0989;DGCA-AIX-2026-R0990;DGCA-AIX-2026-R0991;DGCA-AIX-2026-R0992;DGCA-AIX-2026-R0993;DGCA-AIX-2026-R0994;DGCA-AIX-2026-R0995;DGCA-AIX-2026-R0996;DGCA-AIX-2026-R0997;DGCA-AIX-2026-R0998;DGCA-AIX-2026-R0999;DGCA-AIX-2026-R1000;DGCA-AIX-2026-R1001;DGCA-AIX-2026-R1002;DGCA-AIX-2026-R1003;DGCA-AIX-2026-R1004;DGCA-AIX-2026-R1005;DGCA-AIX-2026-R1006;DGCA-AIX-2026-R1007;DGCA-AIX-2026-R1008;DGCA-AIX-2026-R1009;DGCA-AIX-2026-R1010;DGCA-AIX-2026-R1011;DGCA-AIX-2026-R1012,No exact catalog city match; the GOI catalog row is named Goa Dabolim International Airport. Task-37 counterpart evidence and task-33 same-label mapping select GOI.
Hyderabad,HYD,held; exact city-name match has multiple IATA codes,BPM;HYD,task-37 validated DGCA station mapping plus unique pinned catalog IATA code,pdf-counterpart+catalog,"[""HYD""]",396,"[""BPM"",""HYD""]",HYD,exact_same_pdf_counterpart,1,Hyderabad,Rajiv Gandhi International Airport,51,19;20,DGCA-AIX-2026-R1062;DGCA-AIX-2026-R1063;DGCA-AIX-2026-R1064;DGCA-AIX-2026-R1065;DGCA-AIX-2026-R1066;DGCA-AIX-2026-R1067;DGCA-AIX-2026-R1068;DGCA-AIX-2026-R1069;DGCA-AIX-2026-R1070;DGCA-AIX-2026-R1071;DGCA-AIX-2026-R1072;DGCA-AIX-2026-R1073;DGCA-AIX-2026-R1074;DGCA-AIX-2026-R1075;DGCA-AIX-2026-R1076;DGCA-AIX-2026-R1077;DGCA-AIX-2026-R1078;DGCA-AIX-2026-R1079;DGCA-AIX-2026-R1080;DGCA-AIX-2026-R1081;DGCA-AIX-2026-R1082;DGCA-AIX-2026-R1083;DGCA-AIX-2026-R1084;DGCA-AIX-2026-R1085;DGCA-AIX-2026-R1086;DGCA-AIX-2026-R1087;DGCA-AIX-2026-R1088;DGCA-AIX-2026-R1089;DGCA-AIX-2026-R1090;DGCA-AIX-2026-R1091;DGCA-AIX-2026-R1092;DGCA-AIX-2026-R1093;DGCA-AIX-2026-R1094;DGCA-AIX-2026-R1095;DGCA-AIX-2026-R1096;DGCA-AIX-2026-R1097;DGCA-AIX-2026-R1098;DGCA-AIX-2026-R1099;DGCA-AIX-2026-R1100;DGCA-AIX-2026-R1101;DGCA-AIX-2026-R1102;DGCA-AIX-2026-R1103;DGCA-AIX-2026-R1104;DGCA-AIX-2026-R1105;DGCA-AIX-2026-R1106;DGCA-AIX-2026-R1107;DGCA-AIX-2026-R1108;DGCA-AIX-2026-R1109;DGCA-AIX-2026-R1110;DGCA-AIX-2026-R1111;DGCA-AIX-2026-R1112,Exact city lookup returns both BPM and HYD; task-37 counterpart evidence and task-33 same-label counterpart evidence disambiguate to HYD.
Kozhikode,CCJ,held; no exact city-name match,,task-37 validated DGCA station mapping plus unique pinned catalog IATA code,pdf-counterpart,"[""CCJ""]",4,[],,,1,Calicut,Calicut International Airport,10,23,DGCA-AIX-2026-R1256;DGCA-AIX-2026-R1257;DGCA-AIX-2026-R1258;DGCA-AIX-2026-R1259;DGCA-AIX-2026-R1260;DGCA-AIX-2026-R1261;DGCA-AIX-2026-R1262;DGCA-AIX-2026-R1263;DGCA-AIX-2026-R1264;DGCA-AIX-2026-R1265,The catalog city/name fields use Calicut; task-37 counterpart evidence maps the source heading to CCJ.
Mangalore,IXE,held; no exact city-name match,,task-37 validated DGCA station mapping plus unique pinned catalog IATA code,pdf-counterpart,"[""IXE""]",42,[],,,1,Mangaluru,Mangaluru International Airport,44,24,DGCA-AIX-2026-R1292;DGCA-AIX-2026-R1293;DGCA-AIX-2026-R1294;DGCA-AIX-2026-R1295;DGCA-AIX-2026-R1296;DGCA-AIX-2026-R1297;DGCA-AIX-2026-R1298;DGCA-AIX-2026-R1299;DGCA-AIX-2026-R1300;DGCA-AIX-2026-R1301;DGCA-AIX-2026-R1302;DGCA-AIX-2026-R1303;DGCA-AIX-2026-R1304;DGCA-AIX-2026-R1305;DGCA-AIX-2026-R1306;DGCA-AIX-2026-R1307;DGCA-AIX-2026-R1308;DGCA-AIX-2026-R1309;DGCA-AIX-2026-R1310;DGCA-AIX-2026-R1311;DGCA-AIX-2026-R1312;DGCA-AIX-2026-R1313;DGCA-AIX-2026-R1314;DGCA-AIX-2026-R1315;DGCA-AIX-2026-R1316;DGCA-AIX-2026-R1317;DGCA-AIX-2026-R1318;DGCA-AIX-2026-R1319;DGCA-AIX-2026-R1320;DGCA-AIX-2026-R1321;DGCA-AIX-2026-R1322;DGCA-AIX-2026-R1323;DGCA-AIX-2026-R1324;DGCA-AIX-2026-R1325;DGCA-AIX-2026-R1326;DGCA-AIX-2026-R1327;DGCA-AIX-2026-R1328;DGCA-AIX-2026-R1329;DGCA-AIX-2026-R1330;DGCA-AIX-2026-R1331;DGCA-AIX-2026-R1332;DGCA-AIX-2026-R1333;DGCA-AIX-2026-R1334;DGCA-AIX-2026-R1335,The catalog city/name fields use Mangaluru; task-37 counterpart evidence maps the source spelling to IXE.
Trichy,TRZ,held; no exact city-name match,,task-37 validated DGCA station mapping plus unique pinned catalog IATA code,pdf-counterpart,"[""TRZ""]",22,[],,,1,Tiruchirappalli,Tiruchirappalli International Airport,2,28,DGCA-AIX-2026-R1528;DGCA-AIX-2026-R1529,The catalog city/name fields use Tiruchirappalli; task-37 counterpart evidence maps the source heading to TRZ.
Trivandrum,TRV,held; no exact city-name match,,task-37 validated DGCA station mapping plus unique pinned catalog IATA code,pdf-counterpart,"[""TRV""]",20,[],TRV,exact_same_pdf_counterpart,1,Thiruvananthapuram,Thiruvananthapuram International Airport,170,28;29;30;31,DGCA-AIX-2026-R1530;DGCA-AIX-2026-R1531;DGCA-AIX-2026-R1532;DGCA-AIX-2026-R1533;DGCA-AIX-2026-R1534;DGCA-AIX-2026-R1535;DGCA-AIX-2026-R1536;DGCA-AIX-2026-R1537;DGCA-AIX-2026-R1538;DGCA-AIX-2026-R1539;DGCA-AIX-2026-R1540;DGCA-AIX-2026-R1541;DGCA-AIX-2026-R1542;DGCA-AIX-2026-R1543;DGCA-AIX-2026-R1544;DGCA-AIX-2026-R1545;DGCA-AIX-2026-R1546;DGCA-AIX-2026-R1547;DGCA-AIX-2026-R1548;DGCA-AIX-2026-R1549;DGCA-AIX-2026-R1550;DGCA-AIX-2026-R1551;DGCA-AIX-2026-R1552;DGCA-AIX-2026-R1553;DGCA-AIX-2026-R1554;DGCA-AIX-2026-R1555;DGCA-AIX-2026-R1556;DGCA-AIX-2026-R1557;DGCA-AIX-2026-R1558;DGCA-AIX-2026-R1559;DGCA-AIX-2026-R1560;DGCA-AIX-2026-R1561;DGCA-AIX-2026-R1562;DGCA-AIX-2026-R1563;DGCA-AIX-2026-R1564;DGCA-AIX-2026-R1565;DGCA-AIX-2026-R1566;DGCA-AIX-2026-R1567;DGCA-AIX-2026-R1568;DGCA-AIX-2026-R1569;DGCA-AIX-2026-R1570;DGCA-AIX-2026-R1571;DGCA-AIX-2026-R1572;DGCA-AIX-2026-R1573;DGCA-AIX-2026-R1574;DGCA-AIX-2026-R1575;DGCA-AIX-2026-R1576;DGCA-AIX-2026-R1577;DGCA-AIX-2026-R1578;DGCA-AIX-2026-R1579;DGCA-AIX-2026-R1580;DGCA-AIX-2026-R1581;DGCA-AIX-2026-R1582;DGCA-AIX-2026-R1583;DGCA-AIX-2026-R1584;DGCA-AIX-2026-R1585;DGCA-AIX-2026-R1586;DGCA-AIX-2026-R1587;DGCA-AIX-2026-R1588;DGCA-AIX-2026-R1589;DGCA-AIX-2026-R1590;DGCA-AIX-2026-R1591;DGCA-AIX-2026-R1592;DGCA-AIX-2026-R1593;DGCA-AIX-2026-R1594;DGCA-AIX-2026-R1595;DGCA-AIX-2026-R1596;DGCA-AIX-2026-R1597;DGCA-AIX-2026-R1598;DGCA-AIX-2026-R1599;DGCA-AIX-2026-R1600;DGCA-AIX-2026-R1601;DGCA-AIX-2026-R1602;DGCA-AIX-2026-R1603;DGCA-AIX-2026-R1604;DGCA-AIX-2026-R1605;DGCA-AIX-2026-R1606;DGCA-AIX-2026-R1607;DGCA-AIX-2026-R1608;DGCA-AIX-2026-R1609;DGCA-AIX-2026-R1610;DGCA-AIX-2026-R1611;DGCA-AIX-2026-R1612;DGCA-AIX-2026-R1613;DGCA-AIX-2026-R1614;DGCA-AIX-2026-R1615;DGCA-AIX-2026-R1616;DGCA-AIX-2026-R1617;DGCA-AIX-2026-R1618;DGCA-AIX-2026-R1619;DGCA-AIX-2026-R1620;DGCA-AIX-2026-R1621;DGCA-AIX-2026-R1622;DGCA-AIX-2026-R1623;DGCA-AIX-2026-R1624;DGCA-AIX-2026-R1625;DGCA-AIX-2026-R1626;DGCA-AIX-2026-R1627;DGCA-AIX-2026-R1628;DGCA-AIX-2026-R1629;DGCA-AIX-2026-R1630;DGCA-AIX-2026-R1631;DGCA-AIX-2026-R1632;DGCA-AIX-2026-R1633;DGCA-AIX-2026-R1634;DGCA-AIX-2026-R1635;DGCA-AIX-2026-R1636;DGCA-AIX-2026-R1637;DGCA-AIX-2026-R1638;DGCA-AIX-2026-R1639;DGCA-AIX-2026-R1640;DGCA-AIX-2026-R1641;DGCA-AIX-2026-R1642;DGCA-AIX-2026-R1643;DGCA-AIX-2026-R1644;DGCA-AIX-2026-R1645;DGCA-AIX-2026-R1646;DGCA-AIX-2026-R1647;DGCA-AIX-2026-R1648;DGCA-AIX-2026-R1649;DGCA-AIX-2026-R1650;DGCA-AIX-2026-R1651;DGCA-AIX-2026-R1652;DGCA-AIX-2026-R1653;DGCA-AIX-2026-R1654;DGCA-AIX-2026-R1655;DGCA-AIX-2026-R1656;DGCA-AIX-2026-R1657;DGCA-AIX-2026-R1658;DGCA-AIX-2026-R1659;DGCA-AIX-2026-R1660;DGCA-AIX-2026-R1661;DGCA-AIX-2026-R1662;DGCA-AIX-2026-R1663;DGCA-AIX-2026-R1664;DGCA-AIX-2026-R1665;DGCA-AIX-2026-R1666;DGCA-AIX-2026-R1667;DGCA-AIX-2026-R1668;DGCA-AIX-2026-R1669;DGCA-AIX-2026-R1670;DGCA-AIX-2026-R1671;DGCA-AIX-2026-R1672;DGCA-AIX-2026-R1673;DGCA-AIX-2026-R1674;DGCA-AIX-2026-R1675;DGCA-AIX-2026-R1676;DGCA-AIX-2026-R1677;DGCA-AIX-2026-R1678;DGCA-AIX-2026-R1679;DGCA-AIX-2026-R1680;DGCA-AIX-2026-R1681;DGCA-AIX-2026-R1682;DGCA-AIX-2026-R1683;DGCA-AIX-2026-R1684;DGCA-AIX-2026-R1685;DGCA-AIX-2026-R1686;DGCA-AIX-2026-R1687;DGCA-AIX-2026-R1688;DGCA-AIX-2026-R1689;DGCA-AIX-2026-R1690;DGCA-AIX-2026-R1691;DGCA-AIX-2026-R1692;DGCA-AIX-2026-R1693;DGCA-AIX-2026-R1694;DGCA-AIX-2026-R1695;DGCA-AIX-2026-R1696;DGCA-AIX-2026-R1697;DGCA-AIX-2026-R1698;DGCA-AIX-2026-R1699,The catalog city/name fields use Thiruvananthapuram; task-37 and task-33 counterpart evidence map the source heading to TRV.
Vizag,VTZ,held; no exact city-name match,,task-37 validated DGCA station mapping plus unique pinned catalog IATA code,pdf-counterpart,"[""VTZ""]",32,[],VTZ,unique_registry_token,1,Visakhapatnam,Alluri Sitarama Raju International Airport (Vizag),20,31;32,DGCA-AIX-2026-R1725;DGCA-AIX-2026-R1726;DGCA-AIX-2026-R1727;DGCA-AIX-2026-R1728;DGCA-AIX-2026-R1729;DGCA-AIX-2026-R1730;DGCA-AIX-2026-R1731;DGCA-AIX-2026-R1732;DGCA-AIX-2026-R1733;DGCA-AIX-2026-R1734;DGCA-AIX-2026-R1735;DGCA-AIX-2026-R1736;DGCA-AIX-2026-R1737;DGCA-AIX-2026-R1738;DGCA-AIX-2026-R1739;DGCA-AIX-2026-R1740;DGCA-AIX-2026-R1741;DGCA-AIX-2026-R1742;DGCA-AIX-2026-R1743;DGCA-AIX-2026-R1744,"The catalog city is Visakhapatnam and its airport name includes Vizag in parentheses, so exact city matching fails; task-37 and task-33 evidence map it to VTZ."
