station_label_raw,station_iata_candidate,mapping_status,catalog_iata_candidates,pdf_counterpart_candidates,counterpart_evidence_count,candidate_code_is_three_character_iata,external_primary_source_urls,external_claim
Agartala,IXA,pdf-counterpart+catalog,"[""IXA""]","[""IXA""]",40,True,[],
Agatti,AGX,pdf-counterpart+catalog,"[""AGX""]","[""AGX""]",6,True,[],
Agra,AGR,runtime-catalog-unique-city,"[""AGR""]",[],0,True,[],
Ahmedabad,AMD,pdf-counterpart+catalog,"[""AMD""]","[""AMD""]",182,True,[],
Aizawl,AJL,pdf-counterpart,[],"[""AJL""]",12,True,[],
Amritsar,ATQ,pdf-counterpart+catalog,"[""ATQ""]","[""ATQ""]",14,True,[],
Aurangabad,IXU,pdf-counterpart+catalog,"[""IXU""]","[""IXU""]",16,True,[],
Ayodhya,AYJ,pdf-counterpart,[],"[""AYJ""]",12,True,[],
Bagdogra,IXB,pdf-counterpart,[],"[""IXB""]",40,True,[],
Bangalore,BLR,pdf-counterpart,[],"[""BLR""]",240,True,[],
Bareilly,BEK,pdf-counterpart+catalog,"[""BEK""]","[""BEK""]",4,True,[],
Belgaum,IXG,pdf-counterpart+catalog,"[""IXG""]","[""IXG""]",10,True,[],
Bhavnagar,BHU,pdf-counterpart+catalog,"[""BHU""]","[""BHU""]",8,True,[],
Bhopal,BHO,pdf-counterpart+catalog,"[""BHO""]","[""BHO""]",96,True,[],
Bhubneshwar,BBI,pdf-counterpart,[],"[""BBI""]",54,True,[],
Bhuj,BHJ,pdf-counterpart+catalog,"[""BHJ""]","[""BHJ""]",2,True,[],
Bikaner,BKB,pdf-counterpart+catalog,"[""BKB""]","[""BKB""]",4,True,[],
Chandigarh,IXC,pdf-counterpart+catalog,"[""IXC""]","[""IXC""]",46,True,[],
Chennai,MAA,pdf-counterpart+catalog,"[""MAA""]","[""MAA""]",254,True,[],
Coimbatore,CJB,pdf-counterpart+catalog,"[""CJB""]","[""CJB""]",36,True,[],
Cuddapah,CDP,pdf-counterpart,[],"[""CDP""]",12,True,[],
Darbhanga,DBR,pdf-counterpart+catalog,"[""DBR""]","[""DBR""]",14,True,[],
Dehradun,DED,pdf-counterpart,[],"[""DED""]",50,True,[],
Delhi,DEL,pdf-counterpart,[],"[""DEL""]",1118,True,[],
Deogarh,DGH,pdf-counterpart,[],"[""DGH""]",14,True,[],
Dharamsala,DHM,pdf-counterpart,[],"[""DHM""]",10,True,[],
Dibrugarh,DIB,pdf-counterpart+catalog,"[""DIB""]","[""DIB""]",16,True,[],
Dimapur,DMU,pdf-counterpart+catalog,"[""DMU""]","[""DMU""]",10,True,[],
Diu,DIU,pdf-counterpart+catalog,"[""DIU""]","[""DIU""]",10,True,[],
Durgapur,RDP,pdf-counterpart+catalog,"[""RDP""]","[""RDP""]",8,True,[],
GOA MOPA,GOX,pdf-counterpart,[],"[""GOX""]",64,True,[],
Gaya,GAY,pdf-counterpart+catalog,"[""GAY""]","[""GAY""]",8,True,[],
Goa,GOI,pdf-counterpart,[],"[""GOI""]",88,True,[],
Gondia,GDB,pdf-counterpart+catalog,"[""GDB""]","[""GDB""]",4,True,[],
Gorakhpur,GOP,pdf-counterpart+catalog,"[""GOP""]","[""GOP""]",80,True,[],
Guwahati,GAU,pdf-counterpart+catalog,"[""GAU""]","[""GAU""]",66,True,[],
Gwalior,GWL,pdf-counterpart+catalog,"[""GWL""]","[""GWL""]",6,True,[],
Hindon,HDO,pdf-counterpart,[],"[""HDO""]",14,True,[],
Hollongi,HGI,pdf-counterpart+catalog,"[""HGI""]","[""HGI""]",6,True,[],
Hubali,HBX,pdf-counterpart,[],"[""HBX""]",16,True,[],
Hyderabad,HYD,pdf-counterpart+catalog,"[""BPM"",""HYD""]","[""HYD""]",396,True,[],
Imphal,IMF,pdf-counterpart+catalog,"[""IMF""]","[""IMF""]",46,True,[],
Indore,IDR,pdf-counterpart+catalog,"[""IDR""]","[""IDR""]",86,True,[],
Jabalpur,JLR,pdf-counterpart+catalog,"[""JLR""]","[""JLR""]",18,True,[],
Jagdalpur,JGB,pdf-counterpart+catalog,"[""JGB""]","[""JGB""]",2,True,[],
Jaipur,JAI,pdf-counterpart+catalog,"[""JAI""]","[""JAI""]",84,True,[],
Jalandhar,AIP,external-primary-source-IATA-mapping;runtime-catalog-confirmed,"[""AIP""]",[],0,True,"[""https://www.goindigo.in/airport-directory/india/adampur-aip.html"",""https://aim-india.aai.aero/eaip/eaip-v2-09-2026/eAIP/IN-GEN%202.4-en-GB.html"",""https://aai.aero/en/airports/adampur"",""https://aim-india.aai.aero/operational-hours/1000""]",IndiGo identifies Adampur as Jalandhar City Airport and gives AIP; AAI eAIP independently identifies ADAMPUR / VIAX; pinned catalog entry is Adampur Airport / AIP / VIAX. AAI airport and hours pages were user-supplied but unavailable to the browser tool.
Jammu,IXJ,pdf-counterpart+catalog,"[""IXJ""]","[""IXJ""]",146,True,[],
Jamnagar,JGA,runtime-catalog-unique-city,"[""JGA""]",[],0,True,[],
Jharsuguda,JRG,pdf-counterpart,[],"[""JRG""]",4,True,[],
Jodhpur,JDH,pdf-counterpart+catalog,"[""JDH""]","[""JDH""]",12,True,[],
Jorhat,JRH,pdf-counterpart+catalog,"[""JRH""]","[""JRH""]",8,True,[],
Kannur,CNN,pdf-counterpart+catalog,"[""CNN""]","[""CNN""]",10,True,[],
Kanpur,KNU,pdf-counterpart+catalog,"[""KNU""]","[""KNU""]",8,True,[],
Khajuraho,HJR,pdf-counterpart+catalog,"[""HJR""]","[""HJR""]",16,True,[],
Kishangarh,KQH,pdf-counterpart,[],"[""KQH""]",4,True,[],
Kochi,COK,pdf-counterpart+catalog,"[""COK""]","[""COK""]",58,True,[],
Kolhapur,KLH,pdf-counterpart+catalog,"[""KLH""]","[""KLH""]",12,True,[],
Kolkata,CCU,pdf-counterpart+catalog,"[""CCU""]","[""CCU""]",286,True,[],
Kozhikode,CCJ,pdf-counterpart,[],"[""CCJ""]",4,True,[],
Kurnool,KJB,pdf-counterpart,[],"[""KJB""]",6,True,[],
Leh,IXL,pdf-counterpart+catalog,"[""IXL""]","[""IXL""]",26,True,[],
Lucknow,LKO,pdf-counterpart+catalog,"[""LKO""]","[""LKO""]",168,True,[],
Madurai,IXM,pdf-counterpart+catalog,"[""IXM""]","[""IXM""]",38,True,[],
Mangalore,IXE,pdf-counterpart,[],"[""IXE""]",42,True,[],
Mumbai,BOM,pdf-counterpart+catalog,"[""BOM""]","[""BOM""]",404,True,[],
Mysore,MYQ,pdf-counterpart+catalog,"[""MYQ""]","[""MYQ""]",8,True,[],
Nagpur,NAG,pdf-counterpart+catalog,"[""NAG""]","[""NAG""]",46,True,[],
Nashik,ISK,pdf-counterpart+catalog,"[""ISK""]","[""ISK""]",16,True,[],
Navi Mumbai,NMI,pdf-counterpart+catalog,"[""NMI""]","[""NMI""]",190,True,[],
Pantnagar,PGH,pdf-counterpart+catalog,"[""PGH""]","[""PGH""]",8,True,[],
Patna,PAT,pdf-counterpart+catalog,"[""PAT""]","[""PAT""]",64,True,[],
Pondicherry,PNY,external-alias-evidence;existing-runtime-catalog-entry,"[""PNY""]",[],0,True,"[""https://www.aai.aero/system/files_force/tender/GeM-Bidding-8095854.pdf?download=1"",""https://aai.aero/en/airports/puducherry""]","AAI page names Puducherry Airport; user-supplied AAI tender explicitly crosswalks Pondicherry/Puducherry to PNY/VOPC; existing project catalog uniquely lists Pondicherry Airport, city Puducherry (Pondicherry), PNY/VOPC. No new identity added."
Port Blair,IXZ,pdf-counterpart+catalog,"[""IXZ""]","[""IXZ""]",16,True,[],
Prayagraj,IXD,pdf-counterpart,[],"[""IXD""]",18,True,[],
Pune,PNQ,pdf-counterpart+catalog,"[""PNQ""]","[""PNQ""]",130,True,[],
Purnia,PXN,pdf-counterpart,[],"[""PXN""]",8,True,"[""https://www.goindigo.in/airport-directory/india/purnea-pxn.html"",""https://aim-india.aai.aero/eaip/eaip-v2-09-2026/eAIP/IN-GEN%202.4-en-GB.html"",""https://www.pib.gov.in/PressReleasePage.aspx?PRID=2166835&lang=2&reg=48""]",Corroborates existing PDF-counterpart mapping to PXN and identifies ICAO VEPU; PXN is absent from project airport catalog so remains source-only; no coordinates added.
Raipur,RPR,pdf-counterpart+catalog,"[""RPR""]","[""RPR""]",62,True,[],
Rajahmundry,RJA,pdf-counterpart,[],"[""RJA""]",22,True,[],
Rajkot,HSR,pdf-counterpart+catalog,"[""HSR"",""RAJ""]","[""HSR""]",22,True,[],
Ranchi,IXR,pdf-counterpart+catalog,"[""IXR""]","[""IXR""]",40,True,[],
Rewa,REW,pdf-counterpart+catalog,"[""REW""]","[""REW""]",2,True,[],
Salem,SXV,pdf-counterpart+catalog,"[""SXV""]","[""SXV""]",8,True,[],
Shillong,SHL,pdf-counterpart+catalog,"[""SHL""]","[""SHL""]",8,True,[],
Shirdi,SAG,pdf-counterpart,[],"[""SAG""]",4,True,[],
Shivamogga,RQY,pdf-counterpart,[],"[""RQY""]",2,True,[],
Silchar,IXS,pdf-counterpart+catalog,"[""IXS""]","[""IXS""]",8,True,[],
Srinagar,SXR,runtime-catalog-unique-city,"[""SXR""]",[],0,True,[],
Surat,STV,pdf-counterpart+catalog,"[""STV""]","[""STV""]",32,True,[],
Tirupati,TIR,pdf-counterpart+catalog,"[""TIR""]","[""TIR""]",30,True,[],
Trichy,TRZ,pdf-counterpart,[],"[""TRZ""]",22,True,[],
Trivandrum,TRV,pdf-counterpart,[],"[""TRV""]",20,True,[],
Tuticorin,TCR,pdf-counterpart,[],"[""TCR""]",14,True,[],
Udaipur,UDR,pdf-counterpart+catalog,"[""UDR""]","[""UDR""]",26,True,[],
Vadodara,BDQ,pdf-counterpart+catalog,"[""BDQ""]","[""BDQ""]",32,True,[],
Varanasi,VNS,pdf-counterpart+catalog,"[""VNS""]","[""VNS""]",40,True,[],
Vijayawada,VGA,pdf-counterpart+catalog,"[""VGA""]","[""VGA""]",44,True,[],
Vizag,VTZ,pdf-counterpart,[],"[""VTZ""]",32,True,[],
